<?xml version="1.0" encoding="utf-8"?>
<information>
  <data>
    <name>Members</name>
    <public_name>Members</public_name>
    <hide_tab>0</hide_tab>
    <author>Invision Power Services, Inc.</author>
    <description>Manage members and groups</description>
    <disabledatinstall>0</disabledatinstall>
    <global_caches/>
    <website>http://www.invisionpower.com/</website>
    <update_check>https://www.invisionpower.com/clients/resource_updates.php?resource=core</update_check>
    <templategroups>
        <template match="exact">skin_messaging</template>
        <template match="exact">skin_mlist</template>
        <template match="exact">skin_online</template>
        <template match="exact">skin_profile</template>
        <template match="exact">skin_ucp</template>
    </templategroups>
  </data>
</information>
