<?xml version="1.0" encoding="utf-8"?>
<templates application="members" templategroups="a:5:{s:14:&quot;skin_messaging&quot;;s:5:&quot;exact&quot;;s:10:&quot;skin_mlist&quot;;s:5:&quot;exact&quot;;s:11:&quot;skin_online&quot;;s:5:&quot;exact&quot;;s:12:&quot;skin_profile&quot;;s:5:&quot;exact&quot;;s:8:&quot;skin_ucp&quot;;s:5:&quot;exact&quot;;}">
  <templategroup group="skin_messaging">
    <template>
      <template_group>skin_messaging</template_group>
      <template_content><![CDATA[<error>Messanger Disabled</error>]]></template_content>
      <template_name>messengerDisabled</template_name>
      <template_data/>
      <template_removable>0</template_removable>
      <template_user_added>0</template_user_added>
      <template_user_edited>0</template_user_edited>
      <template_master_key>xmlskin</template_master_key>
    </template>
    <template>
      <template_group>skin_messaging</template_group>
      <template_content>{$html}</template_content>
      <template_name>messengerTemplate</template_name>
      <template_data><![CDATA[$html, $jumpmenu, $dirData, $totalData=array(), $topicParticipants=array(), $inlineError='', $deletedTopic=0]]></template_data>
      <template_removable>0</template_removable>
      <template_user_added>0</template_user_added>
      <template_user_edited>0</template_user_edited>
      <template_master_key>xmlskin</template_master_key>
    </template>
    <template>
      <template_group>skin_messaging</template_group>
      <template_content><![CDATA[<!-- NoData -->]]></template_content>
      <template_name>PMQuickForm</template_name>
      <template_data>$toMemberData</template_data>
      <template_removable>0</template_removable>
      <template_user_added>0</template_user_added>
      <template_user_edited>0</template_user_edited>
      <template_master_key>xmlskin</template_master_key>
    </template>
    <template>
      <template_group>skin_messaging</template_group>
      <template_content><![CDATA[<!-- NoData -->]]></template_content>
      <template_name>sendNewPersonalTopicForm</template_name>
      <template_data>$displayData</template_data>
      <template_removable>0</template_removable>
      <template_user_added>0</template_user_added>
      <template_user_edited>0</template_user_edited>
      <template_master_key>xmlskin</template_master_key>
    </template>
    <template>
      <template_group>skin_messaging</template_group>
      <template_content><![CDATA[<postingForm>
	<msgID>{$displayData['msgID']}</msgID>
	<topicID>{$displayData['topicID']}</topicID>
	<postKey>{$displayData['postKey']}</postKey>
	{$displayData['editor']}
	<authKey>{$this->member->form_hash}</authKey>
	
	<if test="replyForm:|:$displayData['type'] == 'reply'">
			<submitURL><!#^#|CDATA|{parse url="module=messaging&amp;section=send&amp;do=sendReply" base="publicWithApp"}|#^#]></submitURL>
	<else />
			<submitURL><!#^#|CDATA|{parse url="module=messaging&amp;section=send&amp;do=sendEdit" base="publicWithApp"}|#^#]></submitURL>
	</if>
	
</postingForm>]]></template_content>
      <template_name>sendReplyForm</template_name>
      <template_data>$displayData</template_data>
      <template_removable>0</template_removable>
      <template_user_added>0</template_user_added>
      <template_user_edited>0</template_user_edited>
      <template_master_key>xmlskin</template_master_key>
    </template>
    <template>
      <template_group>skin_messaging</template_group>
      <template_content><![CDATA[<template>messageView</template>
<pagination>{$topic['_pages']}</pagination>
<if test="canReplyEditor:|:$topic['_canReply']">
<AssessoryButtonURL><!#^#|CDATA|{parse url="app=members&amp;module=messaging&amp;section=send&amp;do=sendReply&amp;topicID={$topic['mt_id']}" base="public"}|#^#]></AssessoryButtonURL>
</if>
<message>
	<title><!#^#|CDATA|{$topic['mt_title']}|#^#]></title>
	<foreach loop="replies:$replies as $msg_id => $msg">
		<messageReply>
			<user>
				<id>{$msg['msg_author_id']}</id>
				<name><!#^#|CDATA|{$members[ $msg['msg_author_id'] ]['members_display_name']}|#^#]></name>
				<date>{parse date="$msg['msg_date']" format="DATE"}</date>
				<avatar><!#^#|CDATA|{$members[ $msg['msg_author_id'] ]['pp_thumb_photo']}|#^#]></avatar>
				<url><!#^#|CDATA|{parse url="showuser={$msg['msg_author_id']}" base="public" template="showuser" seotitle="{$members[ $msg['msg_author_id'] ]['members_seo_name']}"}|#^#]></url>
			</user>	
			<date>{parse date="$msg['post']['post_date']" format="DATE"}</date>
			<text><!#^#|CDATA|{$msg['msg_post']}
			{$msg['attachmentHtml']}|#^#]></text>
			<options>
			<if test="reportPm:|:$topic['_canReport'] and $this->memberData['member_id']">
				<reportURL><!#^#|CDATA|{parse url="app=core&amp;module=reports&amp;rcom=messages&amp;topicID={$this->request['topicID']}&amp;st={$this->request['st']}&amp;msg={$msg['msg_id']}" base="public"}|#^#]></reportURL>
			</if>
			
			<if test="canEdit:|:$msg['_canEdit'] === TRUE">
				<editURL><!#^#|CDATA|{parse url="module=messaging&amp;section=send&amp;do=editMessage&amp;topicID={$topic['mt_id']}&amp;msgID={$msg['msg_id']}" base="publicWithApp"}|#^#]></editURL>
			</if>
			
			<if test="canDelete:|:$msg['_canDelete'] === TRUE && $msg['msg_is_first_post'] != 1">
				<deleteURL><!#^#|CDATA|{parse url="module=messaging&amp;section=send&amp;do=deleteReply&amp;topicID={$topic['mt_id']}&amp;msgID={$msg['msg_id']}&amp;authKey={$this->member->form_hash}" base="publicWithApp"}|#^#]></deleteURL>
			</if>
			
			<if test="quickReply:|:$topic['_canReply'] AND empty( $topic['_everyoneElseHasLeft'] )">
				<replyURL><!#^#|CDATA|{parse url="module=messaging&amp;section=send&amp;do=replyForm&amp;topicID={$topic['mt_id']}&amp;msgID={$msg['msg_id']}" base="publicWithApp"}|#^#]></replyURL>
			</if>
				</options>							
		</messageReply>
	</foreach>
</message>]]></template_content>
      <template_name>showConversation</template_name>
      <template_data><![CDATA[$topic, $replies, $members, $jump=""]]></template_data>
      <template_removable>0</template_removable>
      <template_user_added>0</template_user_added>
      <template_user_edited>0</template_user_edited>
      <template_master_key>xmlskin</template_master_key>
    </template>
    <template>
      <template_group>skin_messaging</template_group>
      <template_content><![CDATA[<!-- NoData -->]]></template_content>
      <template_name>showConversationForArchive</template_name>
      <template_data>$topic, $replies, $members</template_data>
      <template_removable>0</template_removable>
      <template_user_added>0</template_user_added>
      <template_user_edited>0</template_user_edited>
      <template_master_key>xmlskin</template_master_key>
    </template>
    <template>
      <template_group>skin_messaging</template_group>
      <template_content><![CDATA[<template>popoverMessages</template>
<messages>
	<foreach loop="messages:$messages as $message">
		<message>
			<id>{$message['msg_topic_id']}</id>
			<title>{$message['mt_title']}</title>
			<url><!#^#|CDATA|{parse url="app=members&amp;module=messaging&amp;section=view&amp;do=showConversation&amp;topicID={$message['msg_topic_id']}" base="public"}|#^#]></url>
			<SenderName><!#^#|CDATA|{$message['_starterMemberData']['members_display_name']}|#^#]></SenderName>
			<icon><!#^#|CDATA|{$message['_starterMemberData']['pp_mini_photo']}|#^#]></icon>
		</message>
	</foreach>
</messages>]]></template_content>
      <template_name>showFolder</template_name>
      <template_data>$messages, $dirname, $pages, $currentFolderID, $jumpFolderHTML</template_data>
      <template_removable>0</template_removable>
      <template_user_added>0</template_user_added>
      <template_user_edited>0</template_user_edited>
      <template_master_key>xmlskin</template_master_key>
    </template>
    <template>
      <template_group>skin_messaging</template_group>
      <template_content><![CDATA[<!-- NoData -->]]></template_content>
      <template_name>showSearchResults</template_name>
      <template_data>$messages, $pages, $error</template_data>
      <template_removable>0</template_removable>
      <template_user_added>0</template_user_added>
      <template_user_edited>0</template_user_edited>
      <template_master_key>xmlskin</template_master_key>
    </template>
  </templategroup>
  <templategroup group="skin_mlist">
    <template>
      <template_group>skin_mlist</template_group>
      <template_content><![CDATA[<template>memberList</template>
{$pages}
<if test="showmembers:|:is_array( $members ) and count( $members )">
	<members>
	<foreach loop="members:$members as $member">
		<member>
			<id>{$member['member_id']}</id>
			<url>{parse url="showuser={$member['member_id']}" template="showuser" seotitle="{$member['members_seo_name']}" base="public"}</url>
			<name>{$member['members_display_name']}</name>
			<postCount>{$member['posts']}</postCount>
			<group>{$member['group']}</group>
			<avatar>{$member['pp_thumb_photo']}</avatar>
		</member>
	</foreach>
	</members>
</if>]]></template_content>
      <template_name>member_list_show</template_name>
      <template_data><![CDATA[$members, $pages="", $dropdowns=array(), $defaults=array(), $custom_fields=null, $url='']]></template_data>
      <template_removable>0</template_removable>
      <template_user_added>0</template_user_added>
      <template_user_edited>0</template_user_edited>
      <template_master_key>xmlskin</template_master_key>
    </template>
  </templategroup>
  <templategroup group="skin_online">
    <template>
      <template_group>skin_online</template_group>
      <template_content><![CDATA[<!-- NoData -->]]></template_content>
      <template_name>showOnlineList</template_name>
      <template_data><![CDATA[$rows, $links="", $defaults=array()]]></template_data>
      <template_removable>0</template_removable>
      <template_user_added>0</template_user_added>
      <template_user_edited>0</template_user_edited>
      <template_master_key>xmlskin</template_master_key>
    </template>
  </templategroup>
  <templategroup group="skin_profile">
    <template>
      <template_group>skin_profile</template_group>
      <template_content><![CDATA[<!-- NoData -->]]></template_content>
      <template_name>acknowledgeWarning</template_name>
      <template_data>$warning</template_data>
      <template_removable>0</template_removable>
      <template_user_added>0</template_user_added>
      <template_user_edited>0</template_user_edited>
      <template_master_key>xmlskin</template_master_key>
    </template>
    <template>
      <template_group>skin_profile</template_group>
      <template_content><![CDATA[<!-- NoData -->]]></template_content>
      <template_name>addWarning</template_name>
      <template_data>$member, $reasons, $errors, $editor</template_data>
      <template_removable>0</template_removable>
      <template_user_added>0</template_user_added>
      <template_user_edited>0</template_user_edited>
      <template_master_key>xmlskin</template_master_key>
    </template>
    <template>
      <template_group>skin_profile</template_group>
      <template_content><![CDATA[<!-- NoData -->]]></template_content>
      <template_name>customField__gender</template_name>
      <template_data>$f</template_data>
      <template_removable>0</template_removable>
      <template_user_added>0</template_user_added>
      <template_user_edited>0</template_user_edited>
      <template_master_key>xmlskin</template_master_key>
    </template>
    <template>
      <template_group>skin_profile</template_group>
      <template_content><![CDATA[<!-- NoData -->]]></template_content>
      <template_name>customField__generic</template_name>
      <template_data>$f</template_data>
      <template_removable>0</template_removable>
      <template_user_added>0</template_user_added>
      <template_user_edited>0</template_user_edited>
      <template_master_key>xmlskin</template_master_key>
    </template>
    <template>
      <template_group>skin_profile</template_group>
      <template_content><![CDATA[<!-- NoData -->]]></template_content>
      <template_name>customFieldGroup__contact</template_name>
      <template_data>$f</template_data>
      <template_removable>0</template_removable>
      <template_user_added>0</template_user_added>
      <template_user_edited>0</template_user_edited>
      <template_master_key>xmlskin</template_master_key>
    </template>
    <template>
      <template_group>skin_profile</template_group>
      <template_content><![CDATA[<!-- NoData -->]]></template_content>
      <template_name>customizeProfile</template_name>
      <template_data>$member</template_data>
      <template_removable>0</template_removable>
      <template_user_added>0</template_user_added>
      <template_user_edited>0</template_user_edited>
      <template_master_key>xmlskin</template_master_key>
    </template>
    <template>
      <template_group>skin_profile</template_group>
      <template_content><![CDATA[<!-- NoData -->]]></template_content>
      <template_name>dnameWrapper</template_name>
      <template_data><![CDATA[$member_name="",$records=array()]]></template_data>
      <template_removable>0</template_removable>
      <template_user_added>0</template_user_added>
      <template_user_edited>0</template_user_edited>
      <template_master_key>xmlskin</template_master_key>
    </template>
    <template>
      <template_group>skin_profile</template_group>
      <template_content><![CDATA[<!-- NoData -->]]></template_content>
      <template_name>explainPoints</template_name>
      <template_data>$reasons, $actions</template_data>
      <template_removable>0</template_removable>
      <template_user_added>0</template_user_added>
      <template_user_edited>0</template_user_edited>
      <template_master_key>xmlskin</template_master_key>
    </template>
    <template>
      <template_group>skin_profile</template_group>
      <template_content><![CDATA[<!-- NoData -->]]></template_content>
      <template_name>friendsList</template_name>
      <template_data>$friends, $pages</template_data>
      <template_removable>0</template_removable>
      <template_user_added>0</template_user_added>
      <template_user_edited>0</template_user_edited>
      <template_master_key>xmlskin</template_master_key>
    </template>
    <template>
      <template_group>skin_profile</template_group>
      <template_content><![CDATA[<!-- NoData -->]]></template_content>
      <template_name>listWarnings</template_name>
      <template_data>$member, $warnings, $pagination, $reasons, $canWarn</template_data>
      <template_removable>0</template_removable>
      <template_user_added>0</template_user_added>
      <template_user_edited>0</template_user_edited>
      <template_master_key>xmlskin</template_master_key>
    </template>
    <template>
      <template_group>skin_profile</template_group>
      <template_content><![CDATA[<!-- NoData -->]]></template_content>
      <template_name>photoEditor</template_name>
      <template_data>$data, $member</template_data>
      <template_removable>0</template_removable>
      <template_user_added>0</template_user_added>
      <template_user_edited>0</template_user_edited>
      <template_master_key>xmlskin</template_master_key>
    </template>
    <template>
      <template_group>skin_profile</template_group>
      <template_content><![CDATA[<template>profileView</template>
<profileData>
	<id>{$member['member_id']}</id>
	<name><!#^#|CDATA|{$member['members_display_name']}|#^#]></name>
	<memberTitle><!#^#|CDATA|{$member['title']}|#^#]></memberTitle>
	<reputation>{$member['pp_reputation_points']}</reputation>
	<postCount>{$member['posts']}</postCount>
	<avatar><!#^#|CDATA|{$member['pp_main_photo']}|#^#]></avatar>	
</profileData>
<tab><!#^#|CDATA|{$default_tab}|#^#]></tab>
<if test="$default_tab == 'core:info'">
<if test="pmlink:|:($member['member_id'] != $this->memberData['member_id']) AND $this->memberData['g_use_pm'] AND $this->memberData['members_disable_pm'] == 0 AND IPSLib::moduleIsEnabled( 'messaging', 'members' ) AND $member['members_disable_pm'] == 0">
<pmMeLink><!#^#|CDATA|{parse url="app=members&amp;module=messaging&amp;section=send&amp;do=form&amp;fromMemberID={$member['member_id']}" base="public"}|#^#]></pmMeLink>
</if>
<viewMyContent><!#^#|CDATA|{parse url="app=core&amp;module=search&amp;do=user_activity&amp;mid={$member['member_id']}" base="public"}|#^#]></viewMyContent>
<profileTabs>
	<foreach loop="tabs:$tabs as $tab">
		<profileTab>
			<name><!#^#|CDATA|{$tab['_lang']}|#^#]></name>
			<url><!#^#|CDATA|{parse url="showuser={$member['member_id']}&amp;tab={$tab['plugin_key']}" seotitle="{$member['members_seo_name']}" template="showuser" base="public"}|#^#]></url>
		</profileTab>
	</foreach>
</profileTabs>
<else />
	{$default_tab_content}
</if>]]></template_content>
      <template_name>profileModern</template_name>
      <template_data><![CDATA[$tabs=array(), $member=array(), $visitors=array(), $default_tab='status', $default_tab_content='', $friends=array(), $status=array(), $warns=array()]]></template_data>
      <template_removable>0</template_removable>
      <template_user_added>0</template_user_added>
      <template_user_edited>0</template_user_edited>
      <template_master_key>xmlskin</template_master_key>
    </template>
    <template>
      <template_group>skin_profile</template_group>
      <template_content><![CDATA[<!--no data in this master skin-->]]></template_content>
      <template_name>reputationPage</template_name>
      <template_data><![CDATA[$langBit, $currentApp='', $supportedApps=array(), $processedResults='']]></template_data>
      <template_removable>0</template_removable>
      <template_user_added>0</template_user_added>
      <template_user_edited>0</template_user_edited>
      <template_master_key>root</template_master_key>
    </template>
    <template>
      <template_group>skin_profile</template_group>
      <template_content><![CDATA[<!-- NoData -->]]></template_content>
      <template_name>showCard</template_name>
      <template_data>$member, $download=0</template_data>
      <template_removable>0</template_removable>
      <template_user_added>0</template_user_added>
      <template_user_edited>0</template_user_edited>
      <template_master_key>xmlskin</template_master_key>
    </template>
    <template>
      <template_group>skin_profile</template_group>
      <template_content><![CDATA[<commentReplies>
	<foreach loop="$replies as $reply">
		<commentReply>
			<author><!#^#|CDATA|{$reply['members_display_name']}|#^#]></author>
			<avatar><!#^#|CDATA|{$reply['pp_main_photo']}|#^#]></avatar>	
			<reply><!#^#|CDATA|{$reply['reply_content']}|#^#]></reply>
			<date>{$reply['reply_date_formatted']}</date>
			<canDelete><if test="canDelete:|:$reply['_canDelete']">1<else />0</if></canDelete>
			<deleteURL><!#^#|CDATA|{$this->settings['base_url']}app=members&amp;module=profile&amp;section=status&amp;do=deleteReply&amp;status_id={$reply['reply_status_id']}&amp;reply_id={$reply['reply_id']}&amp;k={$this->member->form_hash}|#^#]></deleteURL>
		</commentReply>
	</foreach>
</commentReplies>]]></template_content>
      <template_name>statusReplies</template_name>
      <template_data>$replies=array(), $no_wrapper=false</template_data>
      <template_removable>0</template_removable>
      <template_user_added>0</template_user_added>
      <template_user_edited>0</template_user_edited>
      <template_master_key>xmlskin</template_master_key>
    </template>
    <template>
      <template_group>skin_profile</template_group>
      <template_content><![CDATA[<profileComments>
<foreach loop="outerLoop:$updates as $id => $status">
		<profileComment>
			<author><!#^#|CDATA|{$status['members_display_name']}|#^#]></author>
			<avatar><!#^#|CDATA|{$status['pp_main_photo']}|#^#]></avatar>	
			<reply><!#^#|CDATA|{$status['status_content']}|#^#]></reply>
			<date>{$status['status_date_formatted']}</date>
			<canDelete><if test="canDelete:|:$status['_canDelete']">1<else />0</if></canDelete>
			<deleteURL><!#^#|CDATA|{$this->settings['base_url']}app=members&amp;module=profile&amp;section=status&amp;do=deleteReply&amp;status_id={$status['status_status_id']}&amp;reply_id={$status['status_id']}&amp;k={$this->member->form_hash}|#^#]></deleteURL>
			<if test="$status['status_replies'] AND count( $status['replies'] )">
				{parse template="statusReplies" group="profile" params="$status['replies'], 1"}
			</if>
			<if test="$status['_userCanReply']">
					<replyURL><!#^#|CDATA|{$this->settings['base_url']}app=members&amp;module=profile&amp;section=status&amp;do=reply&amp;status_id={$status['status_id']}&amp;k={$this->member->form_hash}&amp;id={$this->memberData['member_id']}|#^#]></replyURL>
			</if>
		</profileComment>
	</foreach>
</profileComments>]]></template_content>
      <template_name>statusUpdates</template_name>
      <template_data>$updates=array(), $smallSpace=0, $latestOnly=0</template_data>
      <template_removable>0</template_removable>
      <template_user_added>0</template_user_added>
      <template_user_edited>0</template_user_edited>
      <template_master_key>xmlskin</template_master_key>
    </template>
    <template>
      <template_group>skin_profile</template_group>
      <template_content><![CDATA[<!-- NoData -->]]></template_content>
      <template_name>statusUpdatesPage</template_name>
      <template_data><![CDATA[$updates=array(), $pages='']]></template_data>
      <template_removable>0</template_removable>
      <template_user_added>0</template_user_added>
      <template_user_edited>0</template_user_edited>
      <template_master_key>xmlskin</template_master_key>
    </template>
    <template>
      <template_group>skin_profile</template_group>
      <template_content><![CDATA[<pagination>{$pagination}</pagination>
<friends>
	<foreach loop="friends:$friends as $friend">
		<friend>
			<url><!#^#|CDATA|{parse url="showuser={$friend['member_id']}" seotitle="{$friend['members_seo_name']}" template="showuser" base="public"}|#^#]></url>
			<avatar><!#^#|CDATA|{$friend['pp_small_photo']}|#^#]></avatar>
			<name><!#^#|CDATA|{$friend['members_display_name']}|#^#]></name>
			<memberTitle><!#^#|CDATA|{$friend['member_title']}|#^#]></memberTitle>
		</friend>
	</foreach>
</friends>]]></template_content>
      <template_name>tabFriends</template_name>
      <template_data><![CDATA[$friends=array(), $member=array(), $pagination='']]></template_data>
      <template_removable>0</template_removable>
      <template_user_added>0</template_user_added>
      <template_user_edited>0</template_user_edited>
      <template_master_key>xmlskin</template_master_key>
    </template>
    <template>
      <template_group>skin_profile</template_group>
      <template_content><![CDATA[<!-- NoData -->]]></template_content>
      <template_name>tabNoContent</template_name>
      <template_data>$langkey</template_data>
      <template_removable>0</template_removable>
      <template_user_added>0</template_user_added>
      <template_user_edited>0</template_user_edited>
      <template_master_key>xmlskin</template_master_key>
    </template>
    <template>
      <template_group>skin_profile</template_group>
      <template_content><![CDATA[<posts>
	{$content}
</posts>]]></template_content>
      <template_name>tabPosts</template_name>
      <template_data>$content</template_data>
      <template_removable>0</template_removable>
      <template_user_added>0</template_user_added>
      <template_user_edited>0</template_user_edited>
      <template_master_key>xmlskin</template_master_key>
    </template>
    <template>
      <template_group>skin_profile</template_group>
      <template_content><![CDATA[<!--no data in this master skin-->]]></template_content>
      <template_name>tabReputation</template_name>
      <template_data><![CDATA[$member, $currentApp='', $type='', $supportedApps=array(), $processedResults='', $pagination='']]></template_data>
      <template_removable>0</template_removable>
      <template_user_added>0</template_user_added>
      <template_user_edited>0</template_user_edited>
      <template_master_key>root</template_master_key>
    </template>
    <template>
      <template_group>skin_profile</template_group>
      <template_content><![CDATA[<!--no data in this master skin-->]]></template_content>
      <template_name>tabReputation_calendar</template_name>
      <template_data>$results</template_data>
      <template_removable>0</template_removable>
      <template_user_added>0</template_user_added>
      <template_user_edited>0</template_user_edited>
      <template_master_key>root</template_master_key>
    </template>
    <template>
      <template_group>skin_profile</template_group>
      <template_content><![CDATA[<!--no data in this master skin-->]]></template_content>
      <template_name>tabReputation_posts</template_name>
      <template_data>$results</template_data>
      <template_removable>0</template_removable>
      <template_user_added>0</template_user_added>
      <template_user_edited>0</template_user_edited>
      <template_master_key>root</template_master_key>
    </template>
    <template>
      <template_group>skin_profile</template_group>
      <template_content><![CDATA[<post>
<title><!#^#|CDATA|{parse expression="IPSText::truncate( $title, 90 )"}|#^#]></title>
<url><!#^#|CDATA|{$url}|#^#]></url>
<text><!#^#|CDATA|{$row['post']}|#^#]></text>
<date>{parse date="$row['_raw_date']" format="long"}</date>
</post>]]></template_content>
      <template_name>tabSingleColumn</template_name>
      <template_data><![CDATA[$row=array(), $read_more_link='', $url='', $title='']]></template_data>
      <template_removable>0</template_removable>
      <template_user_added>0</template_user_added>
      <template_user_edited>0</template_user_edited>
      <template_master_key>xmlskin</template_master_key>
    </template>
    <template>
      <template_group>skin_profile</template_group>
      <template_content><![CDATA[<if test="canCreate:|:$this->memberData['member_id'] AND ( $this->memberData['member_id'] == $member['member_id'] ) AND $this->registry->getClass('memberStatus')->canCreate( $member )">
<newStatusURL><!#^#|CDATA|{$this->settings['base_url']}app=members&amp;module=profile&amp;section=status&amp;do=new&amp;k={$this->member->form_hash}&amp;id={$this->memberData['member_id']}&amp;forMemberId={$member['member_id']}|#^#]>
</newStatusURL>
</if>
<if test="leave_comment:|:$this->memberData['member_id'] && $this->memberData['member_id'] != $member['member_id'] && $member['pp_setting_count_comments']">
<profileCommentURL>
<!#^#|CDATA|{$this->settings['base_url']}app=members&amp;module=profile&amp;section=status&amp;do=new&amp;k={$this->member->form_hash}&amp;id={$this->memberData['member_id']}&amp;forMemberId={$member['member_id']}|#^#]>
</profileCommentURL>
</if>

<if test="hasUpdates:|:count( $updates )">
	{parse template="statusUpdates" group="profile" params="$updates"}
<else />
<commentReplies>
	<commentReply>
		<reply><!#^#|CDATA|{$this->lang->words['status_updates_none']}|#^#]></reply>
	</commentReply>
</commentReplies>
</if>]]></template_content>
      <template_name>tabStatusUpdates</template_name>
      <template_data>$updates=array(), $actions, $member=array()</template_data>
      <template_removable>0</template_removable>
      <template_user_added>0</template_user_added>
      <template_user_edited>0</template_user_edited>
      <template_master_key>xmlskin</template_master_key>
    </template>
    <template>
      <template_group>skin_profile</template_group>
      <template_content><![CDATA[<posts>
		{$content}
<posts>]]></template_content>
      <template_name>tabTopics</template_name>
      <template_data>$content</template_data>
      <template_removable>0</template_removable>
      <template_user_added>0</template_user_added>
      <template_user_edited>0</template_user_edited>
      <template_master_key>xmlskin</template_master_key>
    </template>
  </templategroup>
  <templategroup group="skin_ucp">
    <template>
      <template_group>skin_ucp</template_group>
      <template_content><![CDATA[<!-- NoData -->]]></template_content>
      <template_name>coreAttachments</template_name>
      <template_data><![CDATA[$info="",$pages="",$attachments]]></template_data>
      <template_removable>0</template_removable>
      <template_user_added>0</template_user_added>
      <template_user_edited>0</template_user_edited>
      <template_master_key>xmlskin</template_master_key>
    </template>
    <template>
      <template_group>skin_ucp</template_group>
      <template_content><![CDATA[<!-- NoData -->]]></template_content>
      <template_name>displayNameForm</template_name>
      <template_data><![CDATA[$form=array(),$error="",$okmessage="", $isFB=false]]></template_data>
      <template_removable>0</template_removable>
      <template_user_added>0</template_user_added>
      <template_user_edited>0</template_user_edited>
      <template_master_key>xmlskin</template_master_key>
    </template>
    <template>
      <template_group>skin_ucp</template_group>
      <template_content><![CDATA[<!-- NoData -->]]></template_content>
      <template_name>emailPasswordChangeForm</template_name>
      <template_data>$txt, $_message, $isFB=false</template_data>
      <template_removable>0</template_removable>
      <template_user_added>0</template_user_added>
      <template_user_edited>0</template_user_edited>
      <template_master_key>xmlskin</template_master_key>
    </template>
    <template>
      <template_group>skin_ucp</template_group>
      <template_content><![CDATA[<!-- NoData -->]]></template_content>
      <template_name>field_dropdown</template_name>
      <template_data><![CDATA[$name="",$options=""]]></template_data>
      <template_removable>0</template_removable>
      <template_user_added>0</template_user_added>
      <template_user_edited>0</template_user_edited>
      <template_master_key>xmlskin</template_master_key>
    </template>
    <template>
      <template_group>skin_ucp</template_group>
      <template_content><![CDATA[<!-- NoData -->]]></template_content>
      <template_name>field_entry</template_name>
      <template_data><![CDATA[$title="",$desc="",$content="",$id=""]]></template_data>
      <template_removable>0</template_removable>
      <template_user_added>0</template_user_added>
      <template_user_edited>0</template_user_edited>
      <template_master_key>xmlskin</template_master_key>
    </template>
    <template>
      <template_group>skin_ucp</template_group>
      <template_content><![CDATA[<!-- NoData -->]]></template_content>
      <template_name>field_textarea</template_name>
      <template_data><![CDATA[$name="",$value=""]]></template_data>
      <template_removable>0</template_removable>
      <template_user_added>0</template_user_added>
      <template_user_edited>0</template_user_edited>
      <template_master_key>xmlskin</template_master_key>
    </template>
    <template>
      <template_group>skin_ucp</template_group>
      <template_content><![CDATA[<!-- NoData -->]]></template_content>
      <template_name>field_textinput</template_name>
      <template_data><![CDATA[$name="",$value=""]]></template_data>
      <template_removable>0</template_removable>
      <template_user_added>0</template_user_added>
      <template_user_edited>0</template_user_edited>
      <template_master_key>xmlskin</template_master_key>
    </template>
    <template>
      <template_group>skin_ucp</template_group>
      <template_content><![CDATA[<!-- NoData -->]]></template_content>
      <template_name>membersFacebookConnect</template_name>
      <template_data>$fbuid, $fbUserData, $linkedMemberData, $perms</template_data>
      <template_removable>0</template_removable>
      <template_user_added>0</template_user_added>
      <template_user_edited>0</template_user_edited>
      <template_master_key>xmlskin</template_master_key>
    </template>
    <template>
      <template_group>skin_ucp</template_group>
      <template_content><![CDATA[<!-- NoData -->]]></template_content>
      <template_name>membersIgnoredUsersForm</template_name>
      <template_data>$members</template_data>
      <template_removable>0</template_removable>
      <template_user_added>0</template_user_added>
      <template_user_edited>0</template_user_edited>
      <template_master_key>xmlskin</template_master_key>
    </template>
    <template>
      <template_group>skin_ucp</template_group>
      <template_content><![CDATA[<!-- NoData -->]]></template_content>
      <template_name>membersProfileCustomize</template_name>
      <template_data>$options, $input, $errors</template_data>
      <template_removable>0</template_removable>
      <template_user_added>0</template_user_added>
      <template_user_edited>0</template_user_edited>
      <template_master_key>xmlskin</template_master_key>
    </template>
    <template>
      <template_group>skin_ucp</template_group>
      <template_content><![CDATA[<!--no data in this master skin-->]]></template_content>
      <template_name>membersProfileForm</template_name>
      <template_data><![CDATA[$custom_fields='',$group_titles='',$day='',$mon='',$year='', $amEditor='', $times=array()]]></template_data>
      <template_removable>0</template_removable>
      <template_user_added>0</template_user_added>
      <template_user_edited>0</template_user_edited>
      <template_master_key>root</template_master_key>
    </template>
    <template>
      <template_group>skin_ucp</template_group>
      <template_content><![CDATA[<!-- NoData -->]]></template_content>
      <template_name>membersSignatureForm</template_name>
      <template_data><![CDATA[$editor_html="",$sig_restrictions=array(),$signature='']]></template_data>
      <template_removable>0</template_removable>
      <template_user_added>0</template_user_added>
      <template_user_edited>0</template_user_edited>
      <template_master_key>xmlskin</template_master_key>
    </template>
    <template>
      <template_group>skin_ucp</template_group>
      <template_content><![CDATA[<!-- NoData -->]]></template_content>
      <template_name>membersSignatureFormError</template_name>
      <template_data>$form</template_data>
      <template_removable>0</template_removable>
      <template_user_added>0</template_user_added>
      <template_user_edited>0</template_user_edited>
      <template_master_key>xmlskin</template_master_key>
    </template>
    <template>
      <template_group>skin_ucp</template_group>
      <template_content><![CDATA[<!-- NoData -->]]></template_content>
      <template_name>membersTwitterConnect</template_name>
      <template_data>$isConnected, $twitterUser=array()</template_data>
      <template_removable>0</template_removable>
      <template_user_added>0</template_user_added>
      <template_user_edited>0</template_user_edited>
      <template_master_key>xmlskin</template_master_key>
    </template>
    <template>
      <template_group>skin_ucp</template_group>
      <template_content>test</template_content>
      <template_name>notificationsForm</template_name>
      <template_data>$config, $emailData</template_data>
      <template_removable>0</template_removable>
      <template_user_added>0</template_user_added>
      <template_user_edited>0</template_user_edited>
      <template_master_key>xmlskin</template_master_key>
    </template>
    <template>
      <template_group>skin_ucp</template_group>
      <template_content><![CDATA[<template>popoverNotifications</template>
<notifications>
	<foreach loop="notifications:$notifications as $notification">
		<notification>
			<id>{$notification['notify_id']}</id>
			<url><!#^#|CDATA|{$notification['notify_url']}|#^#]></url>
			<icon><!#^#|CDATA|{$notification['member']['pp_thumb_photo']}|#^#]></icon>
			<text><!#^#|CDATA|{$notification['notify_title']}|#^#]></text>
		</notification>
	</foreach>
</notifications>]]></template_content>
      <template_name>notificationsLog</template_name>
      <template_data><![CDATA[$notifications, $error='', $pages='']]></template_data>
      <template_removable>0</template_removable>
      <template_user_added>0</template_user_added>
      <template_user_edited>0</template_user_edited>
      <template_master_key>xmlskin</template_master_key>
    </template>
    <template>
      <template_group>skin_ucp</template_group>
      <template_content>test</template_content>
      <template_name>showNotification</template_name>
      <template_data>$notification</template_data>
      <template_removable>0</template_removable>
      <template_user_added>0</template_user_added>
      <template_user_edited>0</template_user_edited>
      <template_master_key>xmlskin</template_master_key>
    </template>
    <template>
      <template_group>skin_ucp</template_group>
      <template_content><![CDATA[<!--no data in this master skin-->]]></template_content>
      <template_name>unsubscribed</template_name>
      <template_data/>
      <template_removable>0</template_removable>
      <template_user_added>0</template_user_added>
      <template_user_edited>0</template_user_edited>
      <template_master_key>root</template_master_key>
    </template>
    <template>
      <template_group>skin_ucp</template_group>
      <template_content>{$html}</template_content>
      <template_name>userCPTemplate</template_name>
      <template_data>$current_tab, $html, $tabs, $current_area, $errors=array(), $hide_form=0, $maxUpload=0</template_data>
      <template_removable>0</template_removable>
      <template_user_added>0</template_user_added>
      <template_user_edited>0</template_user_edited>
      <template_master_key>xmlskin</template_master_key>
    </template>
  </templategroup>
</templates>
