<?xml version="1.0" encoding="utf-8"?>
<export>
  <group>
    <row>
      <task_id>20</task_id>
      <task_title>Send Bulk Mail</task_title>
      <task_file>bulkmail.php</task_file>
      <task_next_run>1357301820</task_next_run>
      <task_week_day>-1</task_week_day>
      <task_month_day>-1</task_month_day>
      <task_hour>-1</task_hour>
      <task_minute>-1</task_minute>
      <task_cronkey>86e34c61588180bc40df520854ff9756</task_cronkey>
      <task_log>0</task_log>
      <task_description>Dynamically assigned, no need to edit or change</task_description>
      <task_enabled>1</task_enabled>
      <task_key>bulkmail</task_key>
      <task_safemode>1</task_safemode>
      <task_locked>0</task_locked>
      <task_application>members</task_application>
    </row>
    <row>
      <task_id>22</task_id>
      <task_title>Prune Notifications</task_title>
      <task_file>prunenotifications.php</task_file>
      <task_next_run>1357263360</task_next_run>
      <task_week_day>-1</task_week_day>
      <task_month_day>-1</task_month_day>
      <task_hour>6</task_hour>
      <task_minute>-1</task_minute>
      <task_cronkey>7d20157027a1342a7e24e4e25ffdca0e</task_cronkey>
      <task_log>1</task_log>
      <task_description>Removes older notifications</task_description>
      <task_enabled>1</task_enabled>
      <task_key>prunenotifications</task_key>
      <task_safemode>1</task_safemode>
      <task_locked>0</task_locked>
      <task_application>members</task_application>
    </row>
    <row>
      <task_id>23</task_id>
      <task_title>Remove Locked Members</task_title>
      <task_file>removelocked.php</task_file>
      <task_next_run>1357268400</task_next_run>
      <task_week_day>-1</task_week_day>
      <task_month_day>-1</task_month_day>
      <task_hour>3</task_hour>
      <task_minute>0</task_minute>
      <task_cronkey>b5a7ae2730ad92784255fc93d2c10d5a</task_cronkey>
      <task_log>1</task_log>
      <task_description>Removes member accounts that are no longer locked</task_description>
      <task_enabled>1</task_enabled>
      <task_key>remove_locked</task_key>
      <task_safemode>1</task_safemode>
      <task_locked>0</task_locked>
      <task_application>members</task_application>
    </row>
    <row>
      <task_id>24</task_id>
      <task_title>Twitter/Facebook Sync</task_title>
      <task_file>twitfacesync.php</task_file>
      <task_next_run>1357321140</task_next_run>
      <task_week_day>-1</task_week_day>
      <task_month_day>-1</task_month_day>
      <task_hour>1</task_hour>
      <task_minute>-1</task_minute>
      <task_cronkey>8bf0213b6e07f9eeb9730e6924b56dd8</task_cronkey>
      <task_log>1</task_log>
      <task_description>Resyncs Facebook/Twitter integration</task_description>
      <task_enabled>1</task_enabled>
      <task_key>twitfacesync</task_key>
      <task_safemode>1</task_safemode>
      <task_locked>0</task_locked>
      <task_application>members</task_application>
    </row>
    <row>
      <task_id>25</task_id>
      <task_title>Update Profile Views</task_title>
      <task_file>update_profile_views.php</task_file>
      <task_next_run>1357245240</task_next_run>
      <task_week_day>-1</task_week_day>
      <task_month_day>-1</task_month_day>
      <task_hour>1</task_hour>
      <task_minute>-1</task_minute>
      <task_cronkey>fa807cf339dafb66462b8eb787ae168c</task_cronkey>
      <task_log>0</task_log>
      <task_description>Rebuilds the profile view counters</task_description>
      <task_enabled>1</task_enabled>
      <task_key>update_profile_views</task_key>
      <task_safemode>1</task_safemode>
      <task_locked>0</task_locked>
      <task_application>members</task_application>
    </row>
    <row>
      <task_id>26</task_id>
      <task_title>Remove Old Validating Members</task_title>
      <task_file>removevalidating.php</task_file>
      <task_next_run>1357264800</task_next_run>
      <task_week_day>-1</task_week_day>
      <task_month_day>-1</task_month_day>
      <task_hour>2</task_hour>
      <task_minute>0</task_minute>
      <task_cronkey>3bfc0b2a6e69da1f7895d0274f80693e</task_cronkey>
      <task_log>1</task_log>
      <task_description><![CDATA[If you enable the &#39;Prune validating members after x days&#39; setting, this task will remove those members]]></task_description>
      <task_enabled>1</task_enabled>
      <task_key>validating</task_key>
      <task_safemode>1</task_safemode>
      <task_locked>0</task_locked>
      <task_application>members</task_application>
    </row>
    <row>
      <task_id>27</task_id>
      <task_title>Remove Warning Points</task_title>
      <task_file>warnings.php</task_file>
      <task_next_run>1357257600</task_next_run>
      <task_week_day>-1</task_week_day>
      <task_month_day>-1</task_month_day>
      <task_hour>0</task_hour>
      <task_minute>0</task_minute>
      <task_cronkey>3233cd8b6ec57c14f09d43d347ce9e8c</task_cronkey>
      <task_log>1</task_log>
      <task_description/>
      <task_enabled>1</task_enabled>
      <task_key>warnings</task_key>
      <task_safemode>0</task_safemode>
      <task_locked>0</task_locked>
      <task_application>members</task_application>
    </row>
  </group>
</export>
