<?xml version="1.0" encoding="UTF-8"?>
<menu>
	<tabitems>
		<item>
			<title>RSS Import</title>
			<subitems>
				<subitem>
					<subitemtitle>RSS Import</subitemtitle>
					<subitemlang>rssimports</subitemlang>
					<subsection>import</subsection>
					<subitemurl>do=overview</subitemurl>
					<subitemrolekey>import_manage</subitemrolekey>
					<subisredirect>0</subisredirect>
				</subitem>
			</subitems>
		</item>
		<item>
			<title>RSS Export</title>
			<subitems>
				<subitem>
					<subitemtitle>RSS Export</subitemtitle>
					<subitemlang>rssexports</subitemlang>
					<subsection>export</subsection>
					<subitemurl>do=overview</subitemurl>
					<subitemrolekey>export_manage</subitemrolekey>
					<subisredirect>0</subisredirect>
				</subitem>
			</subitems>
		</item>
	</tabitems>
</menu>