<?xml version="1.0" encoding="utf-8"?>
<export>
  <group>
    <row>
      <task_id>13</task_id>
      <task_title>Announcements Update</task_title>
      <task_file>announcements.php</task_file>
      <task_next_run>1357247760</task_next_run>
      <task_week_day>-1</task_week_day>
      <task_month_day>-1</task_month_day>
      <task_hour>4</task_hour>
      <task_minute>-1</task_minute>
      <task_cronkey>52655922ad10ed5909c86d50f5988722</task_cronkey>
      <task_log>1</task_log>
      <task_description>Rebuilds cache and expires out of date announcements</task_description>
      <task_enabled>1</task_enabled>
      <task_key>announcements</task_key>
      <task_safemode>1</task_safemode>
      <task_locked>0</task_locked>
      <task_application>forums</task_application>
    </row>
    <row>
      <task_id>14</task_id>
      <task_title>Daily Clean Out</task_title>
      <task_file>dailycleanout.php</task_file>
      <task_next_run>1357268400</task_next_run>
      <task_week_day>-1</task_week_day>
      <task_month_day>-1</task_month_day>
      <task_hour>3</task_hour>
      <task_minute>0</task_minute>
      <task_cronkey>567e00c010483c8b73caa82b948e8e68</task_cronkey>
      <task_log>1</task_log>
      <task_description>Prunes topic subscriptions and old read topic entries</task_description>
      <task_enabled>1</task_enabled>
      <task_key>dailycleanout</task_key>
      <task_safemode>1</task_safemode>
      <task_locked>0</task_locked>
      <task_application>forums</task_application>
    </row>
    <row>
      <task_id>15</task_id>
      <task_title><![CDATA[Daily Topic &amp; Forum Digest]]></task_title>
      <task_file>dailydigest.php</task_file>
      <task_next_run>1357303020</task_next_run>
      <task_week_day>-1</task_week_day>
      <task_month_day>-1</task_month_day>
      <task_hour>-1</task_hour>
      <task_minute>20</task_minute>
      <task_cronkey>b6320e54964c436c8c2baa1c613afa44</task_cronkey>
      <task_log>1</task_log>
      <task_description><![CDATA[Emails out daily topic &amp; forum digest emails]]></task_description>
      <task_enabled>1</task_enabled>
      <task_key>dailydigest</task_key>
      <task_safemode>1</task_safemode>
      <task_locked>0</task_locked>
      <task_application>forums</task_application>
    </row>
    <row>
      <task_id>16</task_id>
      <task_title>Remove deleted items</task_title>
      <task_file>permadelete.php</task_file>
      <task_next_run>1357263360</task_next_run>
      <task_week_day>-1</task_week_day>
      <task_month_day>-1</task_month_day>
      <task_hour>6</task_hour>
      <task_minute>-1</task_minute>
      <task_cronkey>1ee766c18b2cff7ac10f7b7cd85fb736</task_cronkey>
      <task_log>1</task_log>
      <task_description>Removes topics and posts marked for deletion</task_description>
      <task_enabled>1</task_enabled>
      <task_key>forums_permadelete</task_key>
      <task_safemode>0</task_safemode>
      <task_locked>0</task_locked>
      <task_application>forums</task_application>
    </row>
    <row>
      <task_id>17</task_id>
      <task_title>RSS Import Update</task_title>
      <task_file>rssimport.php</task_file>
      <task_next_run>1357303860</task_next_run>
      <task_week_day>-1</task_week_day>
      <task_month_day>-1</task_month_day>
      <task_hour>-1</task_hour>
      <task_minute>30</task_minute>
      <task_cronkey>66650d7e60932d8bf3f5687b76ca92b4</task_cronkey>
      <task_log>1</task_log>
      <task_description>Imports any new RSS articles</task_description>
      <task_enabled>1</task_enabled>
      <task_key>rssimport</task_key>
      <task_safemode>1</task_safemode>
      <task_locked>0</task_locked>
      <task_application>forums</task_application>
    </row>
    <row>
      <task_id>18</task_id>
      <task_title>Update Topic Views Counter</task_title>
      <task_file>updateviews.php</task_file>
      <task_next_run>1357312740</task_next_run>
      <task_week_day>-1</task_week_day>
      <task_month_day>-1</task_month_day>
      <task_hour>3</task_hour>
      <task_minute>-1</task_minute>
      <task_cronkey>9d2625c289fb8e7679447abead6ecd99</task_cronkey>
      <task_log>0</task_log>
      <task_description>Used when topic views are not incremented immediately</task_description>
      <task_enabled>1</task_enabled>
      <task_key>updateviews</task_key>
      <task_safemode>1</task_safemode>
      <task_locked>0</task_locked>
      <task_application>forums</task_application>
    </row>
    <row>
      <task_id>19</task_id>
      <task_title><![CDATA[Weekly Topic &amp; Forum Digest]]></task_title>
      <task_file>weeklydigest.php</task_file>
      <task_next_run>1357302720</task_next_run>
      <task_week_day>-1</task_week_day>
      <task_month_day>-1</task_month_day>
      <task_hour>-1</task_hour>
      <task_minute>15</task_minute>
      <task_cronkey>63a2fe2877d8d469ec62fd03efd7a886</task_cronkey>
      <task_log>1</task_log>
      <task_description><![CDATA[Emails weekly topic &amp; forum digest emails]]></task_description>
      <task_enabled>1</task_enabled>
      <task_key>weeklydigest</task_key>
      <task_safemode>1</task_safemode>
      <task_locked>0</task_locked>
      <task_application>forums</task_application>
    </row>
  </group>
</export>
