<?xml version="1.0" encoding="utf-8"?>
<information>
  <data>
    <name>Forums</name>
    <public_name>Forums</public_name>
    <hide_tab>0</hide_tab>
    <author>Invision Power Services, Inc.</author>
    <description>Manage forums and posts</description>
    <disabledatinstall>0</disabledatinstall>
    <global_caches/>
    <website>http://www.invisionpower.com/apps/board/</website>
    <update_check>https://www.invisionpower.com/clients/resource_updates.php?resource=board</update_check>
    <templategroups>
        <template match="exact">skin_boards</template>
        <template match="exact">skin_forum</template>
        <template match="exact">skin_legends</template>
        <template match="exact">skin_mod</template>
        <template match="exact">skin_poll</template>
        <template match="exact">skin_post</template>
        <template match="exact">skin_topic</template>
    </templategroups>
  </data>
</information>
