<?xml version="1.0" encoding="utf-8"?>
<settingexport>
  <settinggroup>
    <setting>
      <conf_is_title>1</conf_is_title>
      <conf_title_keyword>convert2</conf_title_keyword>
      <conf_title_title>Convertor</conf_title_title>
      <conf_title_desc>Super secret settings</conf_title_desc>
      <conf_title_tab>IPS Apps</conf_title_tab>
      <conf_title_app>convert</conf_title_app>
      <conf_title_noshow>1</conf_title_noshow>
    </setting>
    <setting>
      <conf_title>Completed</conf_title>
      <conf_description></conf_description>
      <conf_group>55</conf_group>
      <conf_type>textarea</conf_type>
      <conf_key>conv_completed</conf_key>
      <conf_default/>
      <conf_extra/>
      <conf_evalphp/>
      <conf_protected>1</conf_protected>
      <conf_position>8</conf_position>
      <conf_start_group/>
      <conf_end_group>0</conf_end_group>
      <conf_add_cache>1</conf_add_cache>
      <conf_keywords/>
      <conf_title_keyword>convert2</conf_title_keyword>
      <conf_is_title>0</conf_is_title>
    </setting>
    <setting>
      <conf_title>Error String</conf_title>
      <conf_description/>
      <conf_group>35</conf_group>
      <conf_type>textarea</conf_type>
      <conf_key>conv_error</conf_key>
      <conf_default/>
      <conf_extra/>
      <conf_evalphp/>
      <conf_protected>1</conf_protected>
      <conf_position>9</conf_position>
      <conf_start_group/>
      <conf_end_group>0</conf_end_group>
      <conf_add_cache>1</conf_add_cache>
      <conf_keywords/>
      <conf_title_keyword>convert2</conf_title_keyword>
      <conf_is_title>0</conf_is_title>
    </setting>
    <setting>
      <conf_title>Extra Info</conf_title>
      <conf_description/>
      <conf_group>35</conf_group>
      <conf_type>textarea</conf_type>
      <conf_key>conv_extra</conf_key>
      <conf_default/>
      <conf_extra/>
      <conf_evalphp/>
      <conf_protected>1</conf_protected>
      <conf_position>9</conf_position>
      <conf_start_group/>
      <conf_end_group>0</conf_end_group>
      <conf_add_cache>1</conf_add_cache>
      <conf_keywords/>
      <conf_title_keyword>convert2</conf_title_keyword>
      <conf_is_title>0</conf_is_title>
    </setting>
    <setting>
      <conf_title>Current Conversion</conf_title>
      <conf_description></conf_description>
      <conf_group>55</conf_group>
      <conf_type>input</conf_type>
      <conf_key>conv_current</conf_key>
      <conf_default/>
      <conf_extra/>
      <conf_evalphp/>
      <conf_protected>1</conf_protected>
      <conf_position>8</conf_position>
      <conf_start_group/>
      <conf_end_group>0</conf_end_group>
      <conf_add_cache>1</conf_add_cache>
      <conf_keywords/>
      <conf_title_keyword>convert2</conf_title_keyword>
      <conf_is_title>0</conf_is_title>
    </setting>
	<setting>
      <conf_title>Enable login handler?</conf_title>
      <conf_description></conf_description>
      <conf_group>55</conf_group>
      <conf_type>input</conf_type>
      <conf_key>conv_login</conf_key>
      <conf_default/>
      <conf_extra/>
      <conf_evalphp/>
      <conf_protected>1</conf_protected>
      <conf_position>8</conf_position>
      <conf_start_group/>
      <conf_end_group>0</conf_end_group>
      <conf_add_cache>1</conf_add_cache>
      <conf_keywords/>
      <conf_title_keyword>convert2</conf_title_keyword>
      <conf_is_title>0</conf_is_title>
    </setting>
  </settinggroup>
</settingexport>