<?xml version="1.0" encoding="UTF-8"?>
<permissions>
	<group>
		<grouptitle>Creating Bulk Mail</grouptitle>
		<grouplang>mem_bulkmail</grouplang>
		<items>
			<item>
				<key>bulkmail_addedit</key>
				<string>Can add/edit bulk emails?</string>
			</item>
			<item>
				<key>bulkmail_delete</key>
				<string>Can delete bulk emails?</string>
			</item>
			<item>
				<key>bulkmail_lists</key>
				<string>Can manage contact lists?</string>
			</item>
		</items>
	</group>
	<group>
		<grouptitle>Sending/Resending Bulk Mails</grouptitle>
		<grouplang>mem_bulkmailsend</grouplang>
		<items>
			<item>
				<key>bulkmail_view</key>
				<string>Can monitor/view bulk emails?</string>
			</item>
			<item>
				<key>bulkmail_send</key>
				<string>Can send bulk emails?</string>
			</item>
			<item>
				<key>bulkmail_cancel</key>
				<string>Can cancel bulk emails?</string>
			</item>
		</items>
	</group>
</permissions>