<?xml version="1.0" encoding="utf-8"?>
<hookexport>
  <hookdata>
    <config>
      <hook_name>Recent Topics</hook_name>
      <hook_desc>Adds a list of recent topics to the board index</hook_desc>
      <hook_author>Invision Power Services, Inc</hook_author>
      <hook_email/>
      <hook_website>www.invisionpower.com</hook_website>
      <hook_update_check/>
      <hook_requirements><![CDATA[a:4:{s:20:"hook_ipb_version_min";i:0;s:20:"hook_ipb_version_max";i:0;s:20:"hook_php_version_min";s:0:"";s:20:"hook_php_version_max";s:0:"";}]]></hook_requirements>
      <hook_version_human>1.0.0</hook_version_human>
      <hook_version_long>1000</hook_version_long>
      <hook_extra_data><![CDATA[a:1:{s:8:"database";a:0:{}}]]></hook_extra_data>
      <hook_key>recent_topics</hook_key>
    </config>
  </hookdata>
  <hookfiles>
    <file>
      <hook_file_real>boardIndexRecentTopics.php</hook_file_real>
      <hook_type>templateHooks</hook_type>
      <hook_classname>boardIndexRecentTopics</hook_classname>
      <hook_data><![CDATA[a:6:{s:15:"classToOverload";N;s:9:"skinGroup";s:11:"skin_boards";s:12:"skinFunction";s:18:"boardIndexTemplate";s:4:"type";s:7:"foreach";s:2:"id";s:11:"side_blocks";s:8:"position";s:9:"outer.pre";}]]></hook_data>
      <hooks_source><![CDATA[<?php

class boardIndexRecentTopics
{
	public $registry;
	
	public function __construct()
	{
		$this->registry = ipsRegistry::instance();
	}
	
	public function getOutput()
	{
		return $this->registry->getClass('class_forums')->hooks_recentTopics();
	}	
}]]></hooks_source>
    </file>
  </hookfiles>
  <hookextras_settings/>
  <hookextras_language/>
  <hookextras_modules/>
  <hookextras_help/>
  <hookextras_templates/>
  <hookextras_css/>
  <hookextras_tasks/>
  <hookextras_database_create/>
  <hookextras_database_alter/>
  <hookextras_database_update/>
  <hookextras_database_insert/>
</hookexport>
