<?xml version="1.0" encoding="UTF-8"?>
<export exported="1239635372">
	<group>
		<row>
			<g_id>1</g_id>
			<g_view_board>1</g_view_board>
			<g_mem_info>0</g_mem_info>
			<g_other_topics>1</g_other_topics>
			<g_use_search>1</g_use_search>
			<g_edit_profile>0</g_edit_profile>
			<g_post_new_topics>0</g_post_new_topics>
			<g_reply_own_topics>0</g_reply_own_topics>
			<g_reply_other_topics>0</g_reply_other_topics>
			<g_edit_posts>0</g_edit_posts>
			<g_delete_own_posts>0</g_delete_own_posts>
			<g_open_close_posts>0</g_open_close_posts>
			<g_delete_own_topics>0</g_delete_own_topics>
			<g_post_polls>0</g_post_polls>
			<g_vote_polls>0</g_vote_polls>
			<g_use_pm>0</g_use_pm>
			<g_is_supmod>0</g_is_supmod>
			<g_access_cp>0</g_access_cp>
			<g_title>Validating</g_title>
			<g_append_edit>1</g_append_edit>
			<g_access_offline>0</g_access_offline>
			<g_avoid_q>0</g_avoid_q>
			<g_avoid_flood>0</g_avoid_flood>
			<g_icon></g_icon>
			<g_attach_max>0</g_attach_max>
			<prefix></prefix>
			<suffix></suffix>
			<g_max_messages>50</g_max_messages>
			<g_max_mass_pm>0</g_max_mass_pm>
			<g_search_flood>20</g_search_flood>
			<g_edit_cutoff>0</g_edit_cutoff>
			<g_promotion><![CDATA[-1&-1]]></g_promotion>
			<g_hide_from_list>0</g_hide_from_list>
			<g_post_closed>0</g_post_closed>
			<g_perm_id>1</g_perm_id>
			<g_photo_max_vars>50:150:150</g_photo_max_vars>
			<g_dohtml>0</g_dohtml>
			<g_edit_topic>0</g_edit_topic>
			<g_bypass_badwords>0</g_bypass_badwords>
			<g_can_msg_attach>0</g_can_msg_attach>
			<g_attach_per_post>0</g_attach_per_post>
			<g_topic_rate_setting>0</g_topic_rate_setting>
			<g_dname_changes>0</g_dname_changes>
			<g_dname_date>0</g_dname_date>
			<g_mod_preview>0</g_mod_preview>
			<g_rep_max_positive>0</g_rep_max_positive>
			<g_rep_max_negative>0</g_rep_max_negative>
			<g_signature_limits>0:::::</g_signature_limits>
			<g_can_add_friends>0</g_can_add_friends>
			<g_hide_online_list>0</g_hide_online_list>
			<g_bitoptions>134086688</g_bitoptions>
			<g_pm_perday>0</g_pm_perday>
			<g_mod_post_unit>0</g_mod_post_unit>
			<g_ppd_unit>0</g_ppd_unit>
			<g_displayname_unit>0</g_displayname_unit>
			<g_sig_unit>0</g_sig_unit>
			<g_ppd_limit>0</g_ppd_limit>
			<g_pm_flood_mins>0</g_pm_flood_mins>
			<g_max_notifications>0</g_max_notifications>
			<g_max_bgimg_upload>0</g_max_bgimg_upload>
		</row>

		<row>
			<g_id>2</g_id>
			<g_view_board>1</g_view_board>
			<g_mem_info>0</g_mem_info>
			<g_other_topics>1</g_other_topics>
			<g_use_search>1</g_use_search>
			<g_edit_profile>0</g_edit_profile>
			<g_post_new_topics>1</g_post_new_topics>
			<g_reply_own_topics>1</g_reply_own_topics>
			<g_reply_other_topics>1</g_reply_other_topics>
			<g_edit_posts>0</g_edit_posts>
			<g_delete_own_posts>0</g_delete_own_posts>
			<g_open_close_posts>0</g_open_close_posts>
			<g_delete_own_topics>0</g_delete_own_topics>
			<g_post_polls>0</g_post_polls>
			<g_vote_polls>0</g_vote_polls>
			<g_use_pm>0</g_use_pm>
			<g_is_supmod>0</g_is_supmod>
			<g_access_cp>0</g_access_cp>
			<g_title>Guests</g_title>
			<g_append_edit>0</g_append_edit>
			<g_access_offline>0</g_access_offline>
			<g_avoid_q>0</g_avoid_q>
			<g_avoid_flood>0</g_avoid_flood>
			<g_icon></g_icon>
			<g_attach_max>-1</g_attach_max>
			<prefix></prefix>
			<suffix></suffix>
			<g_max_messages>50</g_max_messages>
			<g_max_mass_pm>0</g_max_mass_pm>
			<g_search_flood>20</g_search_flood>
			<g_edit_cutoff>0</g_edit_cutoff>
			<g_promotion><![CDATA[-1&-1]]></g_promotion>
			<g_hide_from_list>0</g_hide_from_list>
			<g_post_closed>0</g_post_closed>
			<g_perm_id>2</g_perm_id>
			<g_photo_max_vars>50:150:150</g_photo_max_vars>
			<g_dohtml>0</g_dohtml>
			<g_edit_topic>0</g_edit_topic>
			<g_bypass_badwords>0</g_bypass_badwords>
			<g_can_msg_attach>0</g_can_msg_attach>
			<g_attach_per_post>0</g_attach_per_post>
			<g_topic_rate_setting>0</g_topic_rate_setting>
			<g_dname_changes>0</g_dname_changes>
			<g_dname_date>0</g_dname_date>
			<g_mod_preview>0</g_mod_preview>
			<g_rep_max_positive>0</g_rep_max_positive>
			<g_rep_max_negative>0</g_rep_max_negative>
			<g_signature_limits>0:::::</g_signature_limits>
			<g_can_add_friends>1</g_can_add_friends>
			<g_hide_online_list>0</g_hide_online_list>
			<g_bitoptions>33423360</g_bitoptions>
			<g_pm_perday>0</g_pm_perday>
			<g_mod_post_unit>0</g_mod_post_unit>
			<g_ppd_limit>0</g_ppd_limit>
			<g_ppd_unit>0</g_ppd_unit>
			<g_displayname_unit>0</g_displayname_unit>
			<g_sig_unit>0</g_sig_unit>
			<g_rep_max_positive>10</g_rep_max_positive>
			<g_rep_max_negative>0</g_rep_max_negative>
		</row>

		<row>
			<g_id>3</g_id>
			<g_view_board>1</g_view_board>
			<g_mem_info>1</g_mem_info>
			<g_other_topics>1</g_other_topics>
			<g_use_search>1</g_use_search>
			<g_edit_profile>1</g_edit_profile>
			<g_post_new_topics>1</g_post_new_topics>
			<g_reply_own_topics>1</g_reply_own_topics>
			<g_reply_other_topics>1</g_reply_other_topics>
			<g_edit_posts>1</g_edit_posts>
			<g_delete_own_posts>0</g_delete_own_posts>
			<g_open_close_posts>0</g_open_close_posts>
			<g_delete_own_topics>0</g_delete_own_topics>
			<g_post_polls>1</g_post_polls>
			<g_vote_polls>1</g_vote_polls>
			<g_use_pm>1</g_use_pm>
			<g_is_supmod>0</g_is_supmod>
			<g_access_cp>0</g_access_cp>
			<g_title>Members</g_title>
			<g_append_edit>1</g_append_edit>
			<g_access_offline>0</g_access_offline>
			<g_avoid_q>0</g_avoid_q>
			<g_avoid_flood>0</g_avoid_flood>
			<g_icon></g_icon>
			<g_attach_max>500</g_attach_max>
			<prefix></prefix>
			<suffix></suffix>
			<g_max_messages>50</g_max_messages>
			<g_max_mass_pm>5</g_max_mass_pm>
			<g_search_flood>0</g_search_flood>
			<g_edit_cutoff>0</g_edit_cutoff>
			<g_promotion><![CDATA[-1&-1]]></g_promotion>
			<g_hide_from_list>0</g_hide_from_list>
			<g_post_closed>0</g_post_closed>
			<g_perm_id>3</g_perm_id>
			<g_photo_max_vars>50:150:150</g_photo_max_vars>
			<g_dohtml>0</g_dohtml>
			<g_edit_topic>1</g_edit_topic>
			<g_bypass_badwords>0</g_bypass_badwords>
			<g_can_msg_attach>0</g_can_msg_attach>
			<g_attach_per_post>0</g_attach_per_post>
			<g_topic_rate_setting>1</g_topic_rate_setting>
			<g_dname_changes>3</g_dname_changes>
			<g_dname_date>30</g_dname_date>
			<g_mod_preview>0</g_mod_preview>
			<g_rep_max_positive>5</g_rep_max_positive>
			<g_rep_max_negative>5</g_rep_max_negative>
			<g_signature_limits>0:::::</g_signature_limits>
			<g_can_add_friends>1</g_can_add_friends>
			<g_hide_online_list>0</g_hide_online_list>
			<g_bitoptions>27197440</g_bitoptions>
			<g_pm_perday>0</g_pm_perday>
			<g_mod_post_unit>0</g_mod_post_unit>
			<g_ppd_limit>0</g_ppd_limit>
			<g_ppd_unit>0</g_ppd_unit>
			<g_displayname_unit>0</g_displayname_unit>
			<g_sig_unit>0</g_sig_unit>
			<g_rep_max_positive>10</g_rep_max_positive>
			<g_rep_max_negative>1</g_rep_max_negative>
		</row>

		<row>
			<g_id>4</g_id>
			<g_view_board>1</g_view_board>
			<g_mem_info>1</g_mem_info>
			<g_other_topics>1</g_other_topics>
			<g_use_search>1</g_use_search>
			<g_edit_profile>1</g_edit_profile>
			<g_post_new_topics>1</g_post_new_topics>
			<g_reply_own_topics>1</g_reply_own_topics>
			<g_reply_other_topics>1</g_reply_other_topics>
			<g_edit_posts>1</g_edit_posts>
			<g_delete_own_posts>1</g_delete_own_posts>
			<g_open_close_posts>1</g_open_close_posts>
			<g_delete_own_topics>1</g_delete_own_topics>
			<g_post_polls>1</g_post_polls>
			<g_vote_polls>1</g_vote_polls>
			<g_use_pm>1</g_use_pm>
			<g_is_supmod>1</g_is_supmod>
			<g_access_cp>1</g_access_cp>
			<g_title>Administrators</g_title>
			<g_append_edit>1</g_append_edit>
			<g_access_offline>1</g_access_offline>
			<g_avoid_q>1</g_avoid_q>
			<g_avoid_flood>1</g_avoid_flood>
			<g_icon>public/style_extra/team_icons/admin.png</g_icon>
			<g_attach_max>0</g_attach_max>
			<prefix><![CDATA[<span style='color:red;'>]]></prefix>
			<suffix><![CDATA[</span>]]></suffix>
			<g_max_messages>50</g_max_messages>
			<g_max_mass_pm>6</g_max_mass_pm>
			<g_search_flood>0</g_search_flood>
			<g_edit_cutoff>5</g_edit_cutoff>
			<g_promotion><![CDATA[-1&-1]]></g_promotion>
			<g_hide_from_list>0</g_hide_from_list>
			<g_post_closed>1</g_post_closed>
			<g_perm_id>4</g_perm_id>
			<g_photo_max_vars>500:170:240</g_photo_max_vars>
			<g_dohtml>1</g_dohtml>
			<g_edit_topic>1</g_edit_topic>
			<g_bypass_badwords>1</g_bypass_badwords>
			<g_can_msg_attach>1</g_can_msg_attach>
			<g_attach_per_post>0</g_attach_per_post>
			<g_topic_rate_setting>2</g_topic_rate_setting>
			<g_dname_changes>3</g_dname_changes>
			<g_dname_date>30</g_dname_date>
			<g_mod_preview>0</g_mod_preview>
			<g_rep_max_positive>0</g_rep_max_positive>
			<g_rep_max_negative>0</g_rep_max_negative>
			<g_signature_limits>0:::::</g_signature_limits>
			<g_can_add_friends>1</g_can_add_friends>
			<g_hide_online_list>0</g_hide_online_list>
			<g_pm_perday>0</g_pm_perday>
			<g_mod_post_unit>0</g_mod_post_unit>
			<g_ppd_limit>0</g_ppd_limit>
			<g_ppd_unit>0</g_ppd_unit>
			<g_displayname_unit>0</g_displayname_unit>
			<g_sig_unit>0</g_sig_unit>
			<g_rep_max_positive>100</g_rep_max_positive>
			<g_rep_max_negative>100</g_rep_max_negative>
			<g_bitoptions>27262912</g_bitoptions>
		</row>

		<row>
			<g_id>5</g_id>
			<g_view_board>0</g_view_board>
			<g_mem_info>0</g_mem_info>
			<g_other_topics>0</g_other_topics>
			<g_use_search>0</g_use_search>
			<g_edit_profile>0</g_edit_profile>
			<g_post_new_topics>0</g_post_new_topics>
			<g_reply_own_topics>0</g_reply_own_topics>
			<g_reply_other_topics>0</g_reply_other_topics>
			<g_edit_posts>0</g_edit_posts>
			<g_delete_own_posts>0</g_delete_own_posts>
			<g_open_close_posts>0</g_open_close_posts>
			<g_delete_own_topics>0</g_delete_own_topics>
			<g_post_polls>0</g_post_polls>
			<g_vote_polls>0</g_vote_polls>
			<g_use_pm>0</g_use_pm>
			<g_is_supmod>0</g_is_supmod>
			<g_access_cp>0</g_access_cp>
			<g_title>Banned</g_title>
			<g_append_edit>0</g_append_edit>
			<g_access_offline>0</g_access_offline>
			<g_avoid_q>0</g_avoid_q>
			<g_avoid_flood>0</g_avoid_flood>
			<g_icon></g_icon>
			<g_attach_max>0</g_attach_max>
			<prefix></prefix>
			<suffix></suffix>
			<g_max_messages>50</g_max_messages>
			<g_max_mass_pm>0</g_max_mass_pm>
			<g_search_flood>20</g_search_flood>
			<g_edit_cutoff>0</g_edit_cutoff>
			<g_promotion><![CDATA[-1&-1]]></g_promotion>
			<g_hide_from_list>1</g_hide_from_list>
			<g_post_closed>0</g_post_closed>
			<g_perm_id>5</g_perm_id>
			<g_photo_max_vars>50:150:150</g_photo_max_vars>
			<g_dohtml>0</g_dohtml>
			<g_edit_topic>0</g_edit_topic>
			<g_bypass_badwords>0</g_bypass_badwords>
			<g_can_msg_attach>0</g_can_msg_attach>
			<g_attach_per_post>0</g_attach_per_post>
			<g_topic_rate_setting>0</g_topic_rate_setting>
			<g_dname_changes>0</g_dname_changes>
			<g_dname_date>0</g_dname_date>
			<g_mod_preview>0</g_mod_preview>
			<g_rep_max_positive>0</g_rep_max_positive>
			<g_rep_max_negative>0</g_rep_max_negative>
			<g_signature_limits></g_signature_limits>
			<g_can_add_friends>1</g_can_add_friends>
			<g_hide_online_list>0</g_hide_online_list>
			<g_bitoptions>27197440</g_bitoptions>
			<g_pm_perday>0</g_pm_perday>
			<g_mod_post_unit>0</g_mod_post_unit>
			<g_ppd_limit>0</g_ppd_limit>
			<g_ppd_unit>0</g_ppd_unit>
			<g_displayname_unit>0</g_displayname_unit>
			<g_sig_unit>0</g_sig_unit>
			<g_rep_max_positive>0</g_rep_max_positive>
			<g_rep_max_negative>0</g_rep_max_negative>
		</row>

		<row>
			<g_id>6</g_id>
			<g_view_board>1</g_view_board>
			<g_mem_info>1</g_mem_info>
			<g_other_topics>1</g_other_topics>
			<g_use_search>1</g_use_search>
			<g_edit_profile>1</g_edit_profile>
			<g_post_new_topics>1</g_post_new_topics>
			<g_reply_own_topics>1</g_reply_own_topics>
			<g_reply_other_topics>1</g_reply_other_topics>
			<g_edit_posts>1</g_edit_posts>
			<g_delete_own_posts>0</g_delete_own_posts>
			<g_open_close_posts>0</g_open_close_posts>
			<g_delete_own_topics>0</g_delete_own_topics>
			<g_post_polls>1</g_post_polls>
			<g_vote_polls>1</g_vote_polls>
			<g_use_pm>1</g_use_pm>
			<g_is_supmod>1</g_is_supmod>
			<g_access_cp>0</g_access_cp>
			<g_title>Moderators</g_title>
			<g_append_edit>1</g_append_edit>
			<g_access_offline>0</g_access_offline>
			<g_avoid_q>0</g_avoid_q>
			<g_avoid_flood>0</g_avoid_flood>
			<g_icon>public/style_extra/team_icons/staff.png</g_icon>
			<g_attach_max>500</g_attach_max>
			<prefix></prefix>
			<suffix></suffix>
			<g_max_messages>50</g_max_messages>
			<g_max_mass_pm>5</g_max_mass_pm>
			<g_search_flood>0</g_search_flood>
			<g_edit_cutoff>0</g_edit_cutoff>
			<g_promotion><![CDATA[-1&-1]]></g_promotion>
			<g_hide_from_list>0</g_hide_from_list>
			<g_post_closed>0</g_post_closed>
			<g_perm_id>6</g_perm_id>
			<g_photo_max_vars>50:150:150</g_photo_max_vars>
			<g_dohtml>0</g_dohtml>
			<g_edit_topic>1</g_edit_topic>
			<g_bypass_badwords>0</g_bypass_badwords>
			<g_can_msg_attach>0</g_can_msg_attach>
			<g_attach_per_post>0</g_attach_per_post>
			<g_topic_rate_setting>1</g_topic_rate_setting>
			<g_dname_changes>3</g_dname_changes>
			<g_dname_date>30</g_dname_date>
			<g_mod_preview>0</g_mod_preview>
			<g_rep_max_positive>5</g_rep_max_positive>
			<g_rep_max_negative>5</g_rep_max_negative>
			<g_signature_limits>0:::::</g_signature_limits>
			<g_can_add_friends>1</g_can_add_friends>
			<g_hide_online_list>0</g_hide_online_list>
			<g_bitoptions>27197440</g_bitoptions>
			<g_pm_perday>0</g_pm_perday>
			<g_mod_post_unit>0</g_mod_post_unit>
			<g_ppd_limit>0</g_ppd_limit>
			<g_ppd_unit>0</g_ppd_unit>
			<g_displayname_unit>0</g_displayname_unit>
			<g_sig_unit>0</g_sig_unit>
			<g_rep_max_positive>100</g_rep_max_positive>
			<g_rep_max_negative>10</g_rep_max_negative>
		</row>
	</group>

</export>