<?xml version="1.0" encoding="utf-8"?>
<export exported="1154616398">
	<group>
		<login_methods>
		        <login_id>1</login_id>
		        <login_title>IPB Internal</login_title>
		        <login_description>The standard method of authentication</login_description>
		        <login_folder_name>internal</login_folder_name>
		        <login_maintain_url></login_maintain_url>
		        <login_register_url></login_register_url>
		        <login_alt_login_html></login_alt_login_html>
		        <login_alt_acp_html></login_alt_acp_html>
		        <login_settings>0</login_settings>
		        <login_enabled>1</login_enabled>
		        <login_safemode>0</login_safemode>
		        <login_replace_form>0</login_replace_form>
		        <login_user_id>username</login_user_id>
		        <login_login_url></login_login_url>
		        <login_logout_url></login_logout_url>
		        <login_order>1</login_order>
		    </login_methods>
		    <login_methods>
		    	<login_id>7</login_id>
			    <login_title>IPS Connect</login_title>
			      <login_description/>
			      <login_folder_name>ipsconnect</login_folder_name>
			      <login_maintain_url/>
			      <login_register_url/>
			      <login_alt_login_html/>
			      <login_alt_acp_html/>
			      <login_settings>0</login_settings>
			      <login_enabled>0</login_enabled>
			      <login_safemode>1</login_safemode>
			      <login_replace_form>0</login_replace_form>
			      <login_user_id>either</login_user_id>
			      <login_login_url/>
			      <login_logout_url/>
			      <login_order>2</login_order>
		    </login_methods>
		    <login_methods>
		        <login_id>2</login_id>
		        <login_title>LDAP Authentication</login_title>
		        <login_description>LDAP / Active Directory Authentication</login_description>
		        <login_folder_name>ldap</login_folder_name>
		        <login_maintain_url></login_maintain_url>
		        <login_register_url></login_register_url>
		        <login_alt_login_html></login_alt_login_html>
		        <login_settings>1</login_settings>
		        <login_enabled>0</login_enabled>
		        <login_safemode>1</login_safemode>
		        <login_replace_form>0</login_replace_form>
		        <login_user_id>username</login_user_id>
		        <login_login_url></login_login_url>
		        <login_logout_url></login_logout_url>
		        <login_order>4</login_order>
		    </login_methods>
		    <login_methods>
		        <login_id>6</login_id>
		        <login_title>External Database</login_title>
		        <login_description>Authentication via an external database</login_description>
		        <login_folder_name>external</login_folder_name>
		        <login_maintain_url></login_maintain_url>
		        <login_register_url></login_register_url>
		        <login_alt_login_html></login_alt_login_html>
		        <login_settings>0</login_settings>
		        <login_enabled>0</login_enabled>
		        <login_safemode>1</login_safemode>
		        <login_replace_form>0</login_replace_form>
		        <login_user_id>username</login_user_id>
		        <login_login_url></login_login_url>
		        <login_logout_url></login_logout_url>
		        <login_order>5</login_order>
		    </login_methods>
	</group>

</export>