<installdata>
	<file>
		<path>cache</path>
		<dir>1</dir>
	</file>
	<file>
		<path>cache/lang_cache</path>
		<dir>1</dir>
	</file>
	<file>
		<path>cache/lang_cache/1</path>
		<dir>1</dir>
	</file>
	<file>
		<path>cache/skin_cache</path>
		<dir>1</dir>
	</file>
	<file>
		<path>cache/skin_cache/system</path>
		<dir>1</dir>
	</file>
	<file>
		<path>public/style_images</path>
		<dir>1</dir>
	</file>
	<file>
		<path>public/style_css</path>
		<dir>1</dir>
	</file>
	<file>
		<path>cache/tmp</path>
		<dir>1</dir>
	</file>
	<file>
		<path>hooks</path>
		<dir>1</dir>
	</file>
	<file>
		<path>uploads</path>
		<dir>1</dir>
	</file>
	<file>
		<path>uploads/profile</path>
		<dir>1</dir>
	</file>
	<file>
		<path>conf_global.php</path>
		<dir>0</dir>
	</file>
</installdata>