<?xml version="1.0" encoding="UTF-8"?>
<menu>
	<tabitems>
		<item>
			<title>Manage Forums</title>
			<subitems>
				<subitem>
					<subitemtitle>Manage Forums</subitemtitle>
					<subitemlang>forums</subitemlang>
					<subsection>forums</subsection>
					<subitemurl>do=forums_overview</subitemurl>
					<subitemrolekey></subitemrolekey>
					<subisredirect>0</subisredirect>
				</subitem>
			</subitems>
		</item>
		<item>
			<title>Topic Multi-Moderation</title>
			<subitems>
				<subitem>
					<subitemtitle>Topic Multi-Moderation</subitemtitle>
					<subitemlang>multimod</subitemlang>
					<subsection>multimods</subsection>
					<subitemurl>do=overview</subitemurl>
					<subitemrolekey>mmod_view</subitemrolekey>
					<subisredirect>0</subisredirect>
				</subitem>				
			</subitems>
		</item>
	</tabitems>
</menu>